{
  "ACL1": "Ludicrous Mode",
  "AD02": "NEMA 14-50",
  "AD04": "European 3-Phase",
  "AD05": "European 3-Phase, IT",
  "AD06": "Schuko (1 phase, 230V 13A)",
  "AD07": "Red IEC309 (3 phase, 400V 16A)",
  "AD08": "Blue Charging Adapter",
  "AD09": "Adapter, Swiss (1 phase, 10A)",
  "AD10": "Adapter, Denmark (1 phase, 13A)",
  "AD11": "Adapter, Italy (1 phase, 13A)",
  "AD15": "Adapter",
  "ADPX2": "Type 2 Public Charging Connector",
  "ADX4": "No European 3-Phase",
  "ADX5": "European 3-Phase, IT",
  "ADX6": "No - Adapter, Schuko (1 phase, 13A)",
  "ADX7": "No - 3-ph Red IEC309 (3 phase, 16A)",
  "ADX8": "Blue IEC309 (1 phase, 230V 32A)",
  "ADX9": "No - Adapter, Swiss (1 phase, 10A)",
  "AF00": "No HEPA Filter",
  "AF02": "HEPA Filter",
  "AH00": "No Accessory Hitch",
  "AL03": "Interior Accent RGB Lighting",
  "AP04": "Autopilot 4.0",
  "APB1": "Autopilot with convenience features",
  "APBS": "Autopilot",
  "APF0": "Autopilot Firmware 2.0 Base",
  "APF1": "Autopilot Firmware 2.0 Enhanced",
  "APF2": "Full Self-Driving Hardware (Activated)",
  "APFB": "Full Self-Driving Hardware",
  "APH1": "Hardware 1.0",
  "APH2": "Hardware 2.0",
  "APH3": "Hardware 2.5",
  "APH4": "Hardware 3.0",
  "APPB": "Enhanced Autopilot",
  "APPF": "Full Self-Driving Capability",
  "AU00": "No Audio Package",
  "AU01": "Ultra High Fidelity Sound",
  "AU3D": "Sound Studio Package",
  "AU3P": "Sound Studio Package",
  "AUF1": "Premium Speakers Enabled",
  "AUF2": "Premium Speakers Disabled",
  "BC00": "Brake Calipers M4.42/44",
  "BC0B": "Black Brake Calipers",
  "BC0R": "Red Brake Calipers",
  "BC3B": "Black Brake Calipers",
  "BC3R": "Black Brake Calipers, Red brake calipers",
  "BC50": "Brakes Performance P2",
  "BCMB": "Black Brake Calipers, Mando Brakes",
  "BCYR": "Performance Brakes",
  "BG30": "No Badge",
  "BG31": "AWD Badge without underline",
  "BG32": "Performance AWD Badge",
  "BG33": "China Badge",
  "BP00": "No Ludicrous",
  "BP01": "Ludicrous Speed Upgrade",
  "BP02": "Uncorked Acceleration",
  "BR00": "No Battery Firmware Limit",
  "BR03": "Battery Firmware Limit (60kWh)",
  "BR05": "Battery Firmware Limit (75kWh)",
  "BS00": "Blind Spot Sensor Package",
  "BS01": "Special Production Flag",
  "BT00": "68 kWh (Model Y) 4680 cells",
  "BT01": "60kWh BYD 7C \"Blade\"",
  "BT35": "50 kWh (Model 3/Y) Pre 2021 Panasonic cells",
  "BT36": "62.5 kWh (Model 3/Y) Pre 2021 Panasonic cells",
  "BT37": "75 kWh (Model 3/Y) Pre 2021 Panasonic cells",
  "BT38": "74 kWh (Model 3/Y) LG cells",
  "BT3D": "50 kWh (Model 3)",
  "BT40": "40 kWh",
  "BT41": "55 kWh 2021 E1 2170L Panasonic Battery Pack",
  "BT42": "82 kWh (Model 3/Y) 2021 Panasonic",
  "BT43": "79 kWh (Model 3/Y) 2021 LG NCA",
  "BT60": "60 kWh",
  "BT70": "70 kWh",
  "BT85": "85 kWh",
  "BTF0": "55 kWh 2020 CATL Prismatic",
  "BTF1": "60 kWh E1 LFP60 CATL Battery Pack",
  "BTX4": "90 kWh",
  "BTX5": "75 kWh",
  "BTX6": "100 kWh",
  "BTX7": "75 kWh",
  "BTX8": "75 kWh",
  "BTX9": "100 kWh Battery Pack with Weight Reduction",
  "BTXA": "18650J2 Battery Cell",
  "BTXB": "99kWh 18650 Plaid E5/E6 VIN battery",
  "BY00": "Model Y",
  "BY01": "1 piece cast rear under body legacy",
  "BY02": "1 piece cast front under body and rear under body",
  "BY03": "Safety Net Body",
  "BY04": "1 piece cast rear under Safety Net Body",
  "CC01": "Five Seat Interior",
  "CC02": "Six Seat Interior",
  "CC03": "Seven Seat Interior",
  "CC04": "Seven Seat Interior",
  "CC12": "Six Seat Interior with Center Console",
  "CDM0": "No CHAdeMO Charging Adaptor",
  "CF00": "72amp High Power Charger",
  "CF01": "48amp charger",
  "CH00": "Standard Charger (40 Amp)",
  "CH01": "Dual Chargers (80 Amp)",
  "CH04": "72 Amp Charger Gen3",
  "CH05": "32/48 Amp Charger",
  "CH06": "48 Amp Charger",
  "CH07": "48 Amp Charger",
  "CH09": "Tesla Standard Charging System 72a (Gen3)",
  "CH11": "Single phase 48 Amperage Combo 1",
  "CH12": "48 Amperage Combo 1 Gen 3.5 Charger",
  "CH14": "32 Amp Charger Hardware (RENA) with Busbar",
  "CH15": "48 Amp Charger Hardware (REEU/REAP) with Busbar",
  "CH16": "48 Amp Charger Hardware (RENA) with Busbar",
  "CH17": "48 Amp 1PH&3PH,P2",
  "COAT": "Country: Austria",
  "COAU": "Country: Australia",
  "COBE": "Country: Belgium",
  "COCA": "Country: Canada",
  "COCH": "Country: Switzerland",
  "COCN": "Country: China",
  "CODE": "Country: Germany",
  "CODK": "Country: Denmark",
  "COES": "Country: Spain",
  "COFI": "Country: Finland",
  "COFR": "Country: France",
  "COGB": "Country: Great Britain",
  "COHR": "Country: Croatia",
  "COIE": "Country: Ireland",
  "COIL": "Country: Israel",
  "COIT": "Country: Italy",
  "COJP": "Country: Japan",
  "COKR": "Country: South Korea",
  "COL0": "Signature",
  "COL1": "Solid",
  "COL2": "Metallic",
  "COL3": "Tesla Multi-Coat",
  "COLU": "Country: Luxembourg",
  "CONL": "Country: Netherlands",
  "CONO": "Country: Norway",
  "CONZ": "Country: New Zealand",
  "COPT": "Country: Portugal",
  "COSE": "Country: Sweden",
  "COSG": "Country: Singapore",
  "COTR": "Country: Turkey",
  "COUS": "Country: United States",
  "CP00": "NA Chargeport (TPC)",
  "CP01": "Charge port Gen? CCS size",
  "CP03": "CCS2 Integrated Chargeport",
  "CPF0": "Standard Connectivity",
  "CPF1": "Premium Connectivity",
  "CPW1": "20\" Performance Wheels",
  "CR01": "Sanden Import Compressor",
  "CR02": "Denso Import Compressor",
  "CW00": "No Weather Package",
  "CW02": "Weather Package",
  "DA00": "No Autopilot",
  "DA01": "Active Safety (ACC,LDW,SA)",
  "DA02": "Autopilot Convenience Features",
  "DCF0": "Front Console NO Drop-In Front Console",
  "DCF2": "Front Console Inductive Phone Charger",
  "DRLH": "Left Hand Drive",
  "DRRH": "Right Hand Drive",
  "DSH5": "Dashboard",
  "DSH7": "Alcantara Dashboard Accents",
  "DSHG": "Dash with Graphite trim",
  "DU00": "Drive Unit - IR",
  "DU01": "Drive Unit - Infineon",
  "DU02": "Drive Unit - Non-performance front drive unit (raven)",
  "DV2W": "Rear-Wheel Drive",
  "DV4W": "All-Wheel Drive",
  "EUSB": "Safety EU Black",
  "FBBB": "Front Brake Brembo Black",
  "FBBR": "Front Brake Brembo Red",
  "FC01": "Front Console Inductive Phone Charger",
  "FC02": "Front Console Front Console (Premium)",
  "FC03": "Front Console Front Console 3.0",
  "FC3P": "Front Console Front Console (Premium)",
  "FCH2": "Front controller hard v2 that supports both non-FSD +FSD",
  "FD00": "Low Current IGBT IM130 Drive Unit",
  "FD01": "Low Current IGBT IM130 Drive Unit, CN/DE",
  "FD02": "P2 Front Drive Unit",
  "FD03": "P2 Sleeved Front Drive Unit",
  "FDU2": "Raven Front Drive Unit",
  "FG00": "No Exterior Lighting Package",
  "FG01": "Fog Lamps",
  "FG02": "Fog Lamps",
  "FG31": "Fog Lamps",
  "FG3B": "Fog Lamp Cover (No Fog lamps)",
  "FGF0": "Fog Lamps Disabled",
  "FGF1": "Fog Lamps Enabled",
  "FM3B": "No Performance Package",
  "FM3P": "Performance Package",
  "FM3S": "Semi de-rated firmware",
  "FM3U": "Acceleration Boost",
  "FMP6": "Performance Firmware",
  "FR01": "Base Front Row",
  "FR02": "Ventilated Front Seats",
  "FR03": "FR03",
  "FR04": "Front Row Seat",
  "FR05": "Front Row Seat",
  "GLCN": "Assembly",
  "GLFR": "Assembly",
  "GLTL": "Assembly",
  "HC00": "No Home Charging installation",
  "HC01": "Home Charging Installation",
  "HL00": "Head Lamp",
  "HL01": "Matrix Head Lamp",
  "HL31": "Head Lamp",
  "HL32": "Matrix Headlights 2021",
  "HL33": "Lamp 1 Headlights 2024",
  "HM30": "Teck Package - No Homelink",
  "HM31": "Teck Package - Homelink",
  "HP00": "No HPWC Ordered",
  "HP01": "HPWC Ordered",
  "HP30": "No heat pump assembly",
  "HP31": "Heat pump assembly",
  "I36M": "Rear Drive Unit Inverter 600A Mosfet",
  "I38M": "Rear Drive Unit Inverter 800A Mosfet",
  "IBB0": "All Black Interior",
  "IBB1": "All Black Interior",
  "IBC00": "Carbon Fiber Décor & Black Interior",
  "IBE00": "Wood Décor & Black Interior",
  "IBW0": "Black and White Interior",
  "IBW1": "Black and White Interior",
  "IC00": "Black Colorway",
  "IC01": "White Colorway Interior",
  "IC02": "Cream Colorway Interior",
  "ICC00": "Carbon Fiber Décor & Cream Interior",
  "ICW00": "Wood Décor & Cream Interior",
  "ID00": "Ebony Wood Decor",
  "ID02": "All Black Premium Interior with Carbon Fiber Décor?",
  "ID03": "Model S/X (Since Q2 2021)",
  "ID3A": "Interior White Aluminum",
  "ID3W": "Interior Wood Decor",
  "IDBA": "Dark Ash Wood Decor",
  "IDBO": "Figured Ash Wood Decor Burl Open Pore décor",
  "IDCF": "Carbon Fiber Decor",
  "IDHG": "IP Décor Horizontal Gloss",
  "IDHM": "Matte Obeche Wood Decor",
  "IDLW": "Lacewood Decor",
  "IDOG": "Gloss Obeche Wood Decor",
  "IDOK": "Oak Decor",
  "IDOM": "Matte Obeche Wood Decor",
  "IDPB": "Piano Black Decor",
  "IL31": "Interior Ambient Lighting Interior",
  "ILF0": "Ambient Lighting Disabled",
  "ILF1": "Ambient Lighting Enabled",
  "IN3BB": "All Black Partial Premium Interior",
  "IN3BW": "Black and White Interior",
  "IN3PB": "All Black Premium Interior",
  "IN3PW": "All White Premium Interior",
  "INB3C": "Premium beige interior with oak wood finishes",
  "INBBW": "White Interior",
  "INBC3W": "Premium black and white interior with Carbon Fiber decor",
  "INBFP": "Classic Black Interior",
  "INBPP": "Black Interior",
  "INBPW": "White Seats Interior",
  "INBTB": "Multi-Pattern Black Interior",
  "INFBP": "Black Premium Interior",
  "INLPC": "Cream Interior",
  "INLPP": "Black / Light Headliner Interior",
  "INPB0": "All Black Interior with Wood in door panel",
  "INPB1": "All Black Interior",
  "INPW0": "Black and White Interior with Wood in door panel",
  "INPW1": "Black and White Interior",
  "INWPT": "Tan Interior",
  "INYPB": "All Black Premium Interior",
  "INYPW": "Black and White Premium Interior",
  "IPB0": "Black Interior",
  "IPB1": "Black Interior",
  "IPB2": "Black Interior",
  "IPB3": "Black Interior",
  "IPW0": "White Interior",
  "IPW1": "White Interior",
  "IPW2": "White Interior",
  "IPW3": "White Interior",
  "IVBPP": "All Black Interior",
  "IVBSW": "Ultra White Interior",
  "IVBTB": "All Black Interior",
  "IVLPC": "Vegan Cream Interior",
  "IWC00": "Carbon Fiber Décor & Black and White Interior",
  "IWW00": "Wood Décor & Black and White Interior",
  "IX00": "No Extended Nappa Leather Trim",
  "IX01": "Extended Nappa Leather Trim",
  "LLP1": "License Plate Liftgate Type NA Liftgate",
  "LLP2": "License Plate Liftgate Type EU Liftgate",
  "LP00": "Lighting Package",
  "LP01": "Lighting Package",
  "LS01": "Mfg Line Shanghai - Phase 1",
  "LS02": "Mfg Line Shanghai - Phase 2.2",
  "LT00": "Vegan interior",
  "LT01": "Standard interior",
  "LT03": "interior",
  "LT1B": "Lower Trim",
  "LT3W": "Lower Trim",
  "LT4B": "LT4B",
  "LT4C": "LT4C",
  "LT4W": "LT4W",
  "LT5C": "LT5C",
  "LT5P": "Black PUR Premium Lower Trim w/ Black IP",
  "LT5W": "Lower Trim Black PUR with White interior",
  "LT6P": "Black PUR Lower Trim with Performance Stitching",
  "LT6W": "White Base Lower Trim",
  "LTBC": "Lower Trim PUR Cream with Black Carpets",
  "LTPB": "Lower Trim PUR Black",
  "LTPW": "Lower Trim PUR White",
  "LTSB": "Lower Trim Standard Black",
  "LVB0": "12V Acid Low voltage battery",
  "LVB1": "15V Li-Ion Low voltage battery",
  "LVB2": "CATL 16V Battery",
  "M301": "Generation 1 of 2022",
  "M302": "Generation 2 of 2024",
  "MDL3": "Model 3",
  "MDLS": "Model S",
  "MDLX": "Model X",
  "MDLY": "Model Y",
  "ME01": "Memory Seats",
  "ME02": "Seat Memory",
  "MI00": "1st Generation Production",
  "MI01": "2nd Generation Production",
  "MI02": "3rd Generation Production",
  "MI03": "4th Generation Production",
  "MI04": "5th Generation Production",
  "MI07": "8th Generation Production",
  "MR30": "Tech Package - Mirror -YES",
  "MR31": "Tech Package - Mirror -YES",
  "MS03": "Model S",
  "MS04": "Model S",
  "MS05": "Model S",
  "MS06": "Model S",
  "MT300": "Model 3 Standard Range Rear-Wheel Drive",
  "MT301": "Model 3 Standard Range Plus Rear-Wheel Drive",
  "MT302": "Model 3 Long Range Rear-Wheel Drive",
  "MT303": "Model 3 Long Range All-Wheel Drive",
  "MT304": "Model 3 Long Range All-Wheel Drive Performance",
  "MT305": "Model 3 Mid Range Rear-Wheel Drive",
  "MT307": "Model 3 Mid Range Rear-Wheel Drive",
  "MT308": "Model 3 Standard Range Plus Rear-Wheel Drive",
  "MT309": "Model 3 Standard Range Plus Rear-Wheel Drive",
  "MT310": "Model 3 Long Range All-Wheel Drive",
  "MT311": "Model 3 Long Range All-Wheel Drive Performance",
  "MT314": "Model 3 Standard Range Plus Rear-Wheel Drive",
  "MT315": "Model 3 Long Range All-Wheel Drive",
  "MT316": "Model 3 Long Range All-Wheel Drive",
  "MT317": "Model 3 Long Range All-Wheel Drive Performance",
  "MT320": "Model 3 Standard Range Plus Rear-Wheel Drive",
  "MT321": "Model 3 Long Range All-Wheel Drive",
  "MT322": "Model 3 Standard Range Plus Rear-Wheel Drive",
  "MT323": "Model 3 Long Range All-Wheel Drive",
  "MT324": "Model 3 Long Range All-Wheel Drive",
  "MT325": "Model 3 Long Range All-Wheel Drive Performance",
  "MT328": "Model 3 Long Range All-Wheel Drive",
  "MT331": "Model 3 Standard Range Plus",
  "MT332": "Model 3 Standard Range Plus",
  "MT333": "Model 3 Standard Range Plus",
  "MT334": "Model 3 Long Range Rear-Wheel Drive",
  "MT336": "Model 3 Standard Range Plus Rear-Wheel Drive",
  "MT337": "Model 3 Standard Range Plus Rear-Wheel Drive",
  "MT340": "Model 3 Long Range All-Wheel Drive Performance",
  "MTS01": "Model S Standard Range",
  "MTS03": "Model S Long Range",
  "MTS04": "Model S Performance",
  "MTS05": "Model S Long Range",
  "MTS06": "Model S Performance",
  "MTS07": "Model S Long Range Plus",
  "MTS08": "Model S Performance",
  "MTS09": "Model S Plaid+",
  "MTS10": "Model S Long Range",
  "MTS11": "Model S Plaid",
  "MTS12": "Model S Plaid",
  "MTS13": "Model S Dual Motor All-Wheel Drive",
  "MTS14": "Model S Plaid Tri Motor All-Wheel Drive",
  "MTS17": "Model S Standard Range",
  "MTX01": "Model X Standard Range",
  "MTX03": "Model X Long Range",
  "MTX04": "Model X Performance",
  "MTX05": "Model X Long Range Plus",
  "MTX06": "Model X Performance",
  "MTX07": "Model X Long Range Plus",
  "MTX08": "Model X Performance",
  "MTX09": "Model X Plaid+",
  "MTX10": "Model X Long Range",
  "MTX11": "Model X Plaid",
  "MTX12": "Model X Plaid",
  "MTX13": "Model X Plaid",
  "MTX14": "Model X Plaid Tri Motor All-Wheel Drive",
  "MTX17": "Model X Standard Range",
  "MTY01": "Model Y Standard Range Rear-Wheel Drive",
  "MTY02": "Model Y Long Range Rear-Wheel Drive",
  "MTY03": "Model Y Long Range All-Wheel Drive",
  "MTY04": "Model Y Long Range All-Wheel Drive Performance",
  "MTY05": "Model Y Long Range All-Wheel Drive Performance",
  "MTY06": "Model Y Long Range All-Wheel Drive",
  "MTY07": "Model Y Long Range All-Wheel Drive",
  "MTY09": "Model Y Long Range All-Wheel Drive",
  "MTY11": "Model Y Long Range All-Wheel Drive",
  "MTY12": "Model Y Long Range All-Wheel Drive Performance",
  "MTY13": "Model Y Long Range Standard Range Rear-Wheel Drive",
  "MTY14": "Model Y Long Range All-Wheel Drive",
  "MX06": "Model X 2021+",
  "MY00": "Model Y Berlin",
  "MY01": "Model Y Austin?",
  "MY02": "Model Y Berlin?",
  "OSSB": "Safety CA Black",
  "OSSW": "Safety CA White",
  "P3WS": "Pedestrian warning speaker",
  "P85D": "P85D",
  "PA00": "No Paint Armor",
  "PBCW": "Solid White Color",
  "PBSB": "Solid Black Color",
  "PBT85": "Performance 85kWh",
  "PC30": "No Performance Chassis",
  "PC31": "Performance Chassis",
  "PF00": "No Performance Legacy Package",
  "PF01": "Performance Legacy Package",
  "PI00": "No Premium Interior",
  "PI01": "Premium Upgrades Package",
  "PK00": "Parking Sensors",
  "PL30": "No Aluminum Pedal",
  "PL31": "Performance Aluminum Pedals",
  "PMAB": "Anza Brown Metallic Color",
  "PMBL": "Obsidian Black Multi-Coat Color",
  "PMMB": "Monterey Blue Metallic Color",
  "PMNG": "Midnight Silver Metallic Color",
  "PMSG": "Green Metallic Color",
  "PMSS": "San Simeon Silver Metallic Color",
  "PMTG": "Dolphin Grey Metallic Color",
  "PN00": "Quicksilver Color",
  "PN01": "Stealth Grey Color",
  "PP01": "Pedestrian Protection Ped Pro R127 Compliant",
  "PP02": "Pedestrian Protection Ped Pro R127 Compliant",
  "PPMR": "Red Multi-Coat Color",
  "PPSB": "Deep Blue Metallic Color",
  "PPSR": "Signature Red Color",
  "PPSW": "Pearl White Multi-Coat Color",
  "PPTI": "Titanium Metallic Color",
  "PR00": "Midnight Cherry Red Color",
  "PR01": "Ultra Red Color",
  "PRM30": "Partial Premium Interior",
  "PRM31": "Premium Interior",
  "PRM3S": "Standard Interior",
  "PRMY1": "Premium Interior",
  "PS00": "No Parcel Shelf",
  "PS01": "Parcel Shelf",
  "PT00": "Standard trunk",
  "PT01": "Trunk Power trunk",
  "PW01": "Pedestrian warning speaker",
  "PWS0": "Model S 10.2020",
  "PX00": "No Performance Plus Package",
  "PX01": "Performance Plus",
  "PX4D": "90 kWh Performance",
  "PX6D": "Zero to 60 in 2.5 sec",
  "QLBS": "Black Premium Interior",
  "QLFC": "Cream Premium Interior",
  "QLFP": "Black Premium Interior",
  "QLFW": "White Premium Interior",
  "QLPW": "White Premium Interior",
  "QLWS": "White Premium Interior",
  "QNET": "Tan NextGen",
  "QPBT": "Black Textile Interior",
  "QPMP": "Black seats",
  "QTBS": "Black Premium Interior",
  "QTBW": "White Premium Seats",
  "QTFC": "Cream Premium Interior",
  "QTFP": "Black Premium Seats",
  "QTFW": "White Premium Interior",
  "QTPB": "Black Leather Tesla Premium Seats",
  "QTPC": "Cream Premium Seats",
  "QTPP": "Black Premium Seats",
  "QTPT": "Tan Premium Seats",
  "QTTB": "Multi-Pattern Black Seats",
  "QTWS": "White Premium Interior",
  "QVBM": "Multi-Pattern Black Seats",
  "QVPC": "Vegan Cream Seats",
  "QVPP": "Vegan Cream Seats",
  "QVSW": "White Tesla Seats",
  "QXMB": "Black Leather Seat",
  "RA00": "No Radar Module Sensor, 7 Pin Perpendicular",
  "RA01": "Radar Module Sensor, 7 Pin Perpendicular",
  "RA02": "HD Radar Module Sensor, Phoenix",
  "RBMB": "Rear Brake Mando Black",
  "RBMR": "Rear Brake Mando Red",
  "RCX0": "No Rear Console",
  "RCX1": "Rear Console",
  "RD01": "Low Current MOSFET PM216 Rear Drive Unit (600A)",
  "RD02": "High Current MOSFET PM216 Rear Drive Unit (800A)",
  "RD03": "Rear Drive Unit LR",
  "RD04": "Rear Drive Unit Plaid",
  "RD05": "Low Current MOSFET PM228 Rear Drive Unit",
  "RD06": "High Current MOSFET PM228 Rear Drive Unit",
  "RD07": "4DU Rear Drive Unit",
  "RD10": "4DU Rear Drive Unit uncorked, 950A, CN",
  "RD11": "4DU Rear Drive Unit uncorked, 950A, US/DE",
  "RDU2": "Rear large drive unit with elec. oil pump(stator <5kg)",
  "RDU3": "Rear small drive unit",
  "RDU4": "Rear small drive unit with elec. oil pump(stator <5kg)",
  "REAP": "Region: Asia Pacific",
  "REEU": "Region: Europe",
  "RENA": "Region: North America",
  "RENC": "Region: Canada",
  "RF3G": "Glass Roof",
  "RFBC": "Body Color Roof",
  "RFBK": "Black Roof",
  "RFFG": "Glass Roof",
  "RFFR": "Fixed Glass Roof (roof rack compatible)",
  "RFP2": "Sunroof",
  "RFPO": "All Glass Panoramic Roof",
  "RFPX": "Glass Roof",
  "RL00": "Rear tail lights",
  "RL01": "Rear tail lights (Larger for CCS)",
  "RL31": "Rear lights (EU)",
  "RL32": "Rear lights (Global)",
  "RL33": "Rear lights Lamp 2",
  "RNG0": "Standard Battery Range",
  "RS3H": "Second Row Seat Rear Seats (Heated)",
  "RSF0": "Rear Heated Seats Disabled",
  "RSF1": "Rear Heated Seats",
  "RU00": "No Range Upgrade",
  "S01B": "Black Textile Seats",
  "S02B": "Seat",
  "S02P": "S02P",
  "S02T": "Seat",
  "S02W": "White Seats",
  "S07W": "White Seats",
  "S25B": "Model S 2015",
  "S31B": "S31B",
  "S32C": "S32C",
  "S32P": "Black PUR Seats",
  "S32W": "S32W",
  "S3PB": "Seat Black PUR Premium Seats",
  "S3PW": "Seat White PUR Premium Seats",
  "S42C": "Seat Cream Plenum Seats",
  "S42P": "Seat Black Plenum Seats",
  "S42W": "Seat White Plenum Seats",
  "SA3P": "Seat Adjustment - Power",
  "SC00": "No access to Supercharger Network",
  "SC01": "Unlimited Free Supercharging Enabled",
  "SC04": "Pay Per Use Supercharging",
  "SC05": "Unlimited Free Supercharging Currently Enabled",
  "SC06": "Time Bound Unlimited Free Supercharging",
  "SG01": "Steering Gear Single Chip",
  "SG02": "Steering Gear Dual Chip",
  "SLR0": "No Rear Spoiler",
  "SLR1": "Carbon Fibre Spoiler",
  "SP00": "No Security Package",
  "SP01": "Security Package",
  "SPT31": "Performance Upgrade",
  "SPTY1": "Performance Upgrade",
  "SR01": "Standard 2nd row",
  "SR04": "Second Row Seat",
  "SR05": "60/40 Bench Second Row Seat",
  "SR06": "Seven Seat Interior",
  "SR07": "Second Row Seats with Comfort Improvements",
  "ST00": "Non-leather Steering Wheel",
  "ST01": "Non-heated Leather Steering Wheel",
  "ST02": "Heated Leather Steering Wheel",
  "ST03": "Regular Steering Wheel",
  "ST0Y": "Yoke Steering Wheel",
  "ST30": "Base Steering Wheel",
  "ST31": "Steering Wheel",
  "ST33": "Steering Wheel - Round, PUR Heated",
  "STCP": "Steering Wheel",
  "STY5S": "Five Seat Interior",
  "STY7S": "Seven Seat Interior",
  "SU00": "Standard Suspension",
  "SU01": "Smart Air Suspension",
  "SU03": "Suspension Update",
  "SU04": "Active Suspension",
  "SU3C": "Coil Spring Suspension",
  "SWF0": "Model 3/Y",
  "SWF1": "Steering Wheel FW Enabled",
  "T30A": "Tires Model 3 Perf 2024",
  "T30S": "Tires Model 3 Perf 2024",
  "T38Q": "Tires M3",
  "T3CA": "Tires M3",
  "T3HS": "Tires M3",
  "T3MA": "Tires M3",
  "T3MC": "Tires M3",
  "T3P3": "Tires M3",
  "T3PS": "Tires M3",
  "TD00": "Tear Down NON-GLIDER",
  "TIC3": "Tires MS",
  "TIC4": "Tires MX",
  "TIC6": "Tires MS",
  "TIG2": "Summer Tires",
  "TIG5": "Goodyear Eagle Touring",
  "TIM7": "Summer Tires",
  "TIM8": "Michelin PS4S",
  "TIM9": "Michelin Pilot Sport 4",
  "TIMP": "Tires",
  "TIP0": "All-season Tires",
  "TM00": "Model Trim",
  "TM02": "General Production Signature Trim",
  "TM0A": "ALPHA PRE-PRODUCTION NON-SALEABLE",
  "TM0B": "BETA PRE-PRODUCTION NON-SALEABLE",
  "TM0C": "PRE-PRODUCTION SALEABLE",
  "TP00": "No AP?",
  "TP01": "No Technology Package",
  "TP02": "Tech Package with Autopilot",
  "TP03": "Tech Package with Enhanced Autopilot",
  "TR00": "No Rear Facing Seats",
  "TR01": "Third Row Seating",
  "TRA1": "Third Row HVAC",
  "TS10": "21\" Michelin PS4S",
  "TS90": "19\" Continental ProContact RX",
  "TS91": "Model S/X 2021",
  "TSHP": "Heat Pump Thermal Assembly",
  "TW00": "No Tow Package",
  "TW01": "Tow Package",
  "TX02": "20\" Michelin Pilot Sport EV",
  "TX20": "Model X 2021",
  "TY0A": "20\" All Season Square",
  "TY0C": "20” Michelin, Pilot Sport EV",
  "TY1A": "21\"",
  "TY1D": "21\" P Zero",
  "TY9A": "Tires MY",
  "TY9B": "19” Summer Square - Dual Sourcing Hankook",
  "TY9K": "19” Kumho Majesty 9 Solus TA91",
  "TY9P": "19” Pirelli Scorpion M+S",
  "UM01": "Universal Mobile Charger - US Port (Single)",
  "US00": "No Ultrasonic Sensor",
  "US02": "Ultrasonic Sensor",
  "USSB": "Safety",
  "USSW": "US Safety Kit White",
  "UT3P": "Suede Grey Premium Headliner",
  "UTAB": "Black Alcantara Headliner",
  "UTAW": "Light Headliner",
  "UTMF": "Headliner",
  "UTPB": "Dark Headliner",
  "UTSB": "Black Ultra-Suede Upper Trim Headliner",
  "UTZW": "Light Headliner",
  "VC00": "MCU Intel Atom",
  "VC01": "MCU AMD Ryzen",
  "VS01": "Vent Enabled",
  "W30P": "20\" Performance Wheels",
  "W32D": "20\" Gray Performance Wheels",
  "W32P": "20\" Performance Wheels",
  "W33D": "20\" Black Performance Wheels 2021",
  "W38A": "18\" Photon Wheels",
  "W38B": "18\" Aero Wheels",
  "W39B": "19\" Sport Wheels",
  "W39S": "19W Nova Wheels",
  "W40B": "18\" Wheels",
  "W41B": "19\" Wheels",
  "WR00": "No Wrap",
  "WR01": "Wrap",
  "WR02": "Wrap 2 (Tilburg bound)",
  "WS10": "21\" Arachnid Wheels",
  "WS90": "19\" Tempest Wheels",
  "WT19": "19\" Wheels",
  "WT20": "20\" Silver Slipstream Wheels",
  "WT22": "22\" Silver Turbine Wheels",
  "WTAB": "21\" Black Arachnid Wheels",
  "WTAS": "19\" Silver Slipstream Wheels",
  "WTD2": "19\" Sonic Carbon Slipstream Wheels (8.5 in)",
  "WTDS": "19\" Grey Slipstream Wheels",
  "WTHX": "20\" Turbine Wheels",
  "WTNN": "20\" Nokian Winter Tires (non-studded)",
  "WTNS": "20\" Nokian Winter Tires (studded)",
  "WTP2": "20\" Pirelli Winter Tires",
  "WTSC": "20\" Sonic Carbon Wheels",
  "WTSD": "20\" Two-Tone Slipstream Wheels",
  "WTSG": "21\" Turbine Wheels",
  "WTSP": "21\" Turbine Wheels",
  "WTSS": "21\" Turbine Wheels",
  "WTTB": "19\" Cyclone Wheels",
  "WTTC": "21\" Sonic Carbon Twin Turbine Wheels",
  "WTTG": "19\" Cyclone Wheels",
  "WTUT": "22\" Onyx Black Wheels",
  "WTW2": "19\" Nokian Winter Wheel Set",
  "WTW3": "19\" Pirelli Winter Wheel Set",
  "WTW4": "19\" Winter Tire Set",
  "WTW5": "21\" Winter Tire Set",
  "WTW6": "19\" Nokian Winter Tires (studded)",
  "WTW7": "19\" Nokian Winter Tires (non-studded)",
  "WTW8": "19\" Pirelli Winter Tires",
  "WTX1": "19\" Michelin Primacy Tire Upgrade",
  "WX00": "20\" Cyberstream Wheels",
  "WX20": "22\" Turbine Wheels",
  "WXNN": "No 20\" Nokian Winter Tires (non-studded)",
  "WXNS": "No 20\" Nokian Winter Tires (studded)",
  "WXP2": "No 20\" Pirelli Winter Tires",
  "WXW2": "No 19\" Wheels with Nokian Winter Tyres",
  "WXW3": "No 19\" Wheels with Pirelli Winter Tyres",
  "WXW4": "No 19\" Winter Tire Set",
  "WXW5": "No 21\" Winter Tire Set",
  "WXW6": "No 19\" Nokian Winter Tires (studded)",
  "WXW7": "No 19\" Nokian Winter Tires (non-studded)",
  "WXW8": "No 19\" Pirelli Winter Tires",
  "WY0S": "20\" Induction",
  "WY18B": "18\" Aero Wheels",
  "WY19B": "19\" Sport Wheels",
  "WY1S": "21” Uberturbine",
  "WY20P": "20\" Performance Wheels",
  "WY9S": "19\" Apollo",
  "X001": "Override: Power Liftgate",
  "X002": "Override: Manual Liftgate",
  "X003": "Maps & Navigation",
  "X004": "Override: No Navigation",
  "X007": "Exterior Lights Override: Premium exterior lighting YES",
  "X010": "Base Mirrors",
  "X011": "Override: Homelink",
  "X012": "Override: No Homelink",
  "X013": "Override: Satellite Radio",
  "X014": "Override: No Satellite Radio",
  "X019": "Carbon Fiber Spoiler",
  "X020": "No Performance Exterior",
  "X021": "No Rear Carbon Fiber Spoiler",
  "X024": "Performance Package",
  "X025": "No Performance Powertrain",
  "X026": "Door handle",
  "X027": "Lighted Door Handles",
  "X028": "Battery Badge",
  "X029": "Remove Battery Badge",
  "X030": "Override: No Passive Entry Pkg",
  "X031": "Keyless Entry",
  "X037": "Powerfolding Mirrors",
  "X039": "DAB Radio",
  "X040": "No DAB Radio",
  "X041": "No Auto Presenting Door",
  "X042": "Auto Presenting Door",
  "X043": "No Phone Dock Kit",
  "X044": "Phone Dock Kit",
  "YF00": "No Yacht Floor",
  "YF01": "Matching Yacht Floor",
  "YFCC": "Yatcht Floor Front Console, Décor Matched",
  "YFFC": "Integrated Center Console",
  "ZCST": "Customer Car",
  "ZENG": "Engineering Car",
  "ZINV": "Inventory vehicle"
}
