{
  "ACL1": 17000,
  "APF2": 10100,
  "APPB": 5100,
  "APPF": 10100,
  "CC02": 9400,
  "CC03": 5800,
  "CC04": 5100,
  "CC12": 8500,
  "FM3U": 3000,
  "IBW1": 1500,
  "IN3PW": 1500,
  "INBBW": 2200,
  "INBCW": 2200,
  "INBPC": 2200,
  "INBPW": 2200,
  "INBTW": 2200,
  "INLPC": 2200,
  "INPW0": 1500,
  "IPW0": 1500,
  "IPW1": 1500,
  "IPW2": 1500,
  "IPW3": 1500,
  "IPW4": 1500,
  "MT10A": 12000,
  "MT10L": 27000,
  "MT301": 4910,
  "MT304": 26110,
  "MT308": 4910,
  "MT310": 14910,
  "MT311": 26110,
  "MT315": 14910,
  "MT316": 14910,
  "MT317": 26110,
  "MT320": 4910,
  "MT322": 4910,
  "MT323": 14910,
  "MT327": 4910,
  "MT328": 14910,
  "MT329": 26110,
  "MT337": 4910,
  "MT340": 26110,
  "MT351": 4910,
  "MT352": 14910,
  "MT353": 30910,
  "MTS03": 12000,
  "MTS05": 12000,
  "MTX03": 17000,
  "MTX04": 15000,
  "MTX05": 17000,
  "MTY09": 9000,
  "MTY10": 22000,
  "MTY13": 3000,
  "MTY32": 15000,
  "MTY33": 9000,
  "MTY34": 42000,
  "PBSB": 1500,
  "PMBL": 2800,
  "PMNG": 1500,
  "PN00": 2600,
  "PN01": 2300,
  "PPMR": 2400,
  "PPSB": 1500,
  "PR01": 2600,
  "QTVB": 3800,
  "SPT31": 7300,
  "W39S": 1800,
  "W41B": 1800,
  "WTSC": 2900,
  "WTSD": 2900,
  "WTSG": 6200,
  "WTSS": 6600,
  "WTTC": 5000,
  "WTUT": 6400,
  "WY20P": 2400
}
