{
  "ACL1": 7000,
  "APF2": 7300,
  "APPB": 3700,
  "CC02": 6900,
  "CC03": 4400,
  "CC04": 3700,
  "CC12": 6300,
  "FM3U": 2000,
  "IBW1": 1200,
  "ICC00": 2200,
  "ICW00": 2200,
  "IN3BW": 1200,
  "IN3PW": 1200,
  "INB3C": 1600,
  "INB3W": 1600,
  "INBBC": 1600,
  "INBBW": 1600,
  "INBC3W": 1600,
  "INBFW": 1600,
  "INBPC": 1600,
  "INBPW": 1600,
  "INBTW": 1600,
  "INBWS": 1600,
  "INBWW": 1600,
  "INLFC": 1600,
  "INLPC": 1600,
  "INPW0": 1200,
  "IPW0": 1200,
  "IPW1": 1200,
  "IPW2": 1200,
  "IPW3": 1200,
  "IPW4": 1200,
  "IWC00": 2200,
  "IWC01": 2200,
  "IWW00": 2200,
  "MT10A": 7000,
  "MT10L": 22000,
  "MT301": 6000,
  "MT302": 17610,
  "MT303": 14000,
  "MT304": 15000,
  "MT308": 6000,
  "MT310": 14000,
  "MT311": 15000,
  "MT314": 6000,
  "MT315": 14000,
  "MT316": 14000,
  "MT317": 15000,
  "MT321": 14000,
  "MT322": 6000,
  "MT323": 14000,
  "MT325": 15000,
  "MT328": 14000,
  "MT336": 6000,
  "MT337": 6000,
  "MT340": 15000,
  "MT341": 11000,
  "MT351": 6000,
  "MT352": 14000,
  "MT353": 22000,
  "MT90A": 10000,
  "MTS03": 7000,
  "MTS04": 15000,
  "MTS05": 7000,
  "MTS06": 15000,
  "MTS08": 20000,
  "MTS13": 3000,
  "MTS14": 18000,
  "MTS18": 3000,
  "MTS19": 18000,
  "MTX03": 10000,
  "MTX04": 15000,
  "MTX05": 10000,
  "MTX06": 15000,
  "MTX07": 15000,
  "MTX08": 20000,
  "MTX13": 3000,
  "MTX14": 18000,
  "MTX15": 5000,
  "MTX16": 18000,
  "MTX18": 3000,
  "MTX19": 18000,
  "MTY07": 10000,
  "MTY09": 10000,
  "MTY12": 16000,
  "MTY13": 3000,
  "MTY29": 7000,
  "PBSB": 1200,
  "PMBL": 2100,
  "PMNG": 1200,
  "PMSS": 2100,
  "PN00": 2000,
  "PN01": 1300,
  "PPMR": 2000,
  "PPSB": 1200,
  "PR00": 2600,
  "PR01": 2000,
  "RFP2": 2000,
  "SPT31": 5000,
  "ST0Y": 250,
  "ST1Y": 1000,
  "TW01": 1350,
  "W39B": 1700,
  "W39S": 1700,
  "W41B": 1700,
  "WS10": 4500,
  "WS12": 4500,
  "WT22": 6000,
  "WTAB": 4800,
  "WTD2": 1600,
  "WTDS": 1600,
  "WTSC": 2100,
  "WTSD": 2100,
  "WTSS": 4900,
  "WTTC": 4800,
  "WTUT": 5800,
  "WTW3": 2900,
  "WX20": 5500,
  "WX21": 5500,
  "WY20P": 2200
}
