{
  "ACL1": 5000,
  "APF2": 7500,
  "APPB": 3800,
  "APPF": 7500,
  "CC02": 6700,
  "CC03": 4600,
  "CC04": 3600,
  "CC12": 6300,
  "FM3U": 1800,
  "IBW0": 1050,
  "IBW1": 1050,
  "ICC00": 2200,
  "ICW00": 2200,
  "IDHG": 850,
  "IN3BW": 1050,
  "IN3PW": 1050,
  "INB3C": 1600,
  "INB3W": 1500,
  "INBBC": 1600,
  "INBBW": 1600,
  "INBC3W": 1600,
  "INBCW": 1600,
  "INBFW": 1600,
  "INBP3W": 1600,
  "INBPC": 1600,
  "INBPW": 1500,
  "INBTW": 1600,
  "INBWS": 1600,
  "INBWW": 1600,
  "INLFC": 1500,
  "INLFP": 1600,
  "INLPC": 1500,
  "INPW0": 1050,
  "IPW0": 1050,
  "IPW1": 1050,
  "IPW2": 1050,
  "IPW3": 1050,
  "IPW4": 1050,
  "IWC00": 2200,
  "IWC01": 2200,
  "IWW00": 2200,
  "MT10A": 5000,
  "MT10L": 22000,
  "MT10P": 22000,
  "MT301": 1990,
  "MT302": 6000,
  "MT303": 7000,
  "MT304": 7880,
  "MT308": 820,
  "MT309": 19110,
  "MT310": 7000,
  "MT311": 7880,
  "MT314": 2590,
  "MT315": 7000,
  "MT316": 7000,
  "MT317": 7880,
  "MT320": 4990,
  "MT321": 7000,
  "MT322": 2590,
  "MT323": 7000,
  "MT325": 7880,
  "MT328": 8000,
  "MT336": 1880,
  "MT337": 2590,
  "MT340": 7880,
  "MT341": 3000,
  "MT351": 5000,
  "MT352": 9000,
  "MT353": 21000,
  "MT70A": 52470,
  "MT75A": 52110,
  "MT90A": 5000,
  "MT90L": 22000,
  "MT90P": 25000,
  "MTS03": 5000,
  "MTS04": 16000,
  "MTS05": 5000,
  "MTS06": 16000,
  "MTS07": 10000,
  "MTS08": 21000,
  "MTS13": 17540,
  "MTS14": 32540,
  "MTS18": 17540,
  "MTS19": 32540,
  "MTX03": 8000,
  "MTX04": 16000,
  "MTX05": 8000,
  "MTX06": 16000,
  "MTX07": 13000,
  "MTX08": 21000,
  "MTX13": 16700,
  "MTX14": 31700,
  "MTX15": 16700,
  "MTX16": 31700,
  "MTX18": 18700,
  "MTX19": 33700,
  "MTY07": 3000,
  "MTY09": 3000,
  "MTY10": 20000,
  "MTY12": 6000,
  "MTY13": 1890,
  "MTY29": 7000,
  "PBSB": 1050,
  "PMBL": 2100,
  "PMNG": 1050,
  "PMSS": 1600,
  "PN00": 2000,
  "PN01": 1300,
  "PPMR": 1190,
  "PPSB": 1050,
  "PPSW": 1300,
  "PR00": 2600,
  "PR01": 2000,
  "QTVB": 2800,
  "RFP2": 2000,
  "SPT31": 4120,
  "ST0Y": 250,
  "ST1Y": 1000,
  "TW01": 790,
  "W39B": 1120,
  "W39S": 1190,
  "W41B": 1120,
  "WS10": 4900,
  "WS12": 4900,
  "WT21": 5100,
  "WT22": 6400,
  "WTAB": 4700,
  "WTD2": 1600,
  "WTDS": 1600,
  "WTHX": 2800,
  "WTSC": 2100,
  "WTSD": 2100,
  "WTSG": 4700,
  "WTSS": 5200,
  "WTTC": 4600,
  "WTUT": 5700,
  "WX20": 5900,
  "WX21": 5900,
  "WY20P": 2100
}
