{
  "ACL1": 6000,
  "APF2": 6800,
  "APPB": 3400,
  "APPF": 6800,
  "CC02": 6300,
  "CC03": 4000,
  "CC04": 3400,
  "CC12": 5900,
  "FM3U": 1500,
  "IBW1": 1100,
  "ICC00": 2000,
  "ICW00": 2000,
  "IDHG": 650,
  "IN3BW": 1100,
  "IN3PW": 1100,
  "INB3C": 1450,
  "INB3W": 1450,
  "INBBW": 1450,
  "INBC3W": 1450,
  "INBCW": 1450,
  "INBDW": 1450,
  "INBFW": 1450,
  "INBLW": 1450,
  "INBP3W": 1450,
  "INBPC": 1450,
  "INBPW": 1450,
  "INBTW": 1450,
  "INBWS": 1450,
  "INBWW": 1450,
  "INLFC": 1450,
  "INLPC": 1450,
  "INPW0": 1100,
  "IPW0": 1100,
  "IPW1": 1100,
  "IPW2": 1100,
  "IPW3": 1100,
  "IPW4": 1100,
  "IWC00": 2000,
  "IWW00": 2000,
  "MT10A": 6000,
  "MT10L": 21000,
  "MT301": 6760,
  "MT303": 15010,
  "MT304": 15760,
  "MT308": 6760,
  "MT310": 15010,
  "MT311": 15760,
  "MT315": 15010,
  "MT316": 15010,
  "MT317": 15760,
  "MT320": 6760,
  "MT322": 6760,
  "MT323": 15010,
  "MT325": 17010,
  "MT328": 15010,
  "MT337": 6760,
  "MT340": 17010,
  "MT341": 11010,
  "MT351": 4010,
  "MT352": 14010,
  "MT353": 24010,
  "MT85A": 6000,
  "MT85P": 21000,
  "MT90A": 6000,
  "MT90L": 21000,
  "MT90P": 21000,
  "MTS03": 6000,
  "MTS04": 15000,
  "MTS05": 6000,
  "MTS06": 15000,
  "MTS07": 11000,
  "MTS08": 20000,
  "MTS13": 14010,
  "MTS14": 29010,
  "MTS19": 29010,
  "MTX03": 9000,
  "MTX04": 15000,
  "MTX05": 9000,
  "MTX06": 15000,
  "MTX07": 14000,
  "MTX13": 16010,
  "MTX14": 31010,
  "MTY07": 79980,
  "MTY09": 12010,
  "MTY10": 19010,
  "MTY12": 19010,
  "MTY13": 4010,
  "PBSB": 1100,
  "PMBL": 1900,
  "PMNG": 1100,
  "PMSS": 1900,
  "PN00": 2600,
  "PN01": 2000,
  "PPMR": 2100,
  "PPSB": 1100,
  "PR00": 2600,
  "PR01": 2000,
  "QPMB": 1500,
  "QRET": 2100,
  "QTVB": 2200,
  "RFP2": 2000,
  "SPT31": 5000,
  "TW01": 700,
  "W39B": 1500,
  "W39S": 1500,
  "W41B": 1500,
  "WS10": 4400,
  "WS12": 4400,
  "WT21": 3900,
  "WT22": 5500,
  "WTAB": 4400,
  "WTD2": 1450,
  "WTDS": 1450,
  "WTHX": 2500,
  "WTSC": 2000,
  "WTSD": 2000,
  "WTSG": 4200,
  "WTSP": 3900,
  "WTSS": 4500,
  "WTTC": 4400,
  "WTUT": 5400,
  "WX20": 5400,
  "WX21": 5400,
  "WY20P": 2100
}
