{
  "ACL1": 7000,
  "APF2": 8000,
  "APPB": 6000,
  "APPF": 8000,
  "CC02": 6500,
  "CC03": 3000,
  "CC04": 3500,
  "CC12": 6000,
  "FM3U": 2000,
  "IBW0": 1000,
  "IBW1": 1000,
  "ICC00": 2000,
  "ICW00": 2000,
  "IN3BW": 1000,
  "IN3PW": 1000,
  "INB3C": 1500,
  "INB3W": 1500,
  "INBBC": 1500,
  "INBBW": 1500,
  "INBC3W": 1500,
  "INBCW": 1500,
  "INBDW": 1500,
  "INBFW": 1500,
  "INBLW": 1500,
  "INBP3W": 1500,
  "INBPC": 1500,
  "INBPW": 1500,
  "INBTW": 1500,
  "INBWS": 1500,
  "INBWW": 1500,
  "INLFC": 1500,
  "INLFP": 1500,
  "INLPC": 1500,
  "INPW0": 1000,
  "INPW1": 1000,
  "INYPW": 1000,
  "IPW0": 1000,
  "IPW1": 1000,
  "IPW2": 1000,
  "IPW3": 1500,
  "IWC00": 2000,
  "IWW00": 2000,
  "MT10A": 15000,
  "MT10L": 36590,
  "MT301": 3990,
  "MT302": 8900,
  "MT303": 10990,
  "MT304": 15990,
  "MT305": 15900,
  "MT308": 3990,
  "MT310": 10990,
  "MT311": 15990,
  "MT314": 3990,
  "MT315": 10990,
  "MT317": 15990,
  "MT321": 10990,
  "MT322": 3990,
  "MT324": 10990,
  "MT328": 10990,
  "MT337": 3990,
  "MT351": 3990,
  "MT352": 12740,
  "MT75A": 15000,
  "MT75R": 18000,
  "MT90A": 15000,
  "MT90L": 36590,
  "MT90P": 36590,
  "MTS01": 18090,
  "MTS03": 18090,
  "MTS04": 53090,
  "MTS05": 18090,
  "MTS06": 53090,
  "MTS07": 18090,
  "MTS08": 53090,
  "MTS10": 2990,
  "MTS11": 17990,
  "MTS12": 2990,
  "MTS13": 2990,
  "MTS14": 17990,
  "MTS18": 2990,
  "MTX01": 20000,
  "MTX03": 20000,
  "MTX04": 41500,
  "MTX05": 20000,
  "MTX06": 41500,
  "MTX07": 20000,
  "MTX08": 41500,
  "MTX10": 12500,
  "MTX11": 19990,
  "MTX12": 9990,
  "MTX13": 7990,
  "MTX14": 19990,
  "MTX15": 7990,
  "MTX16": 22990,
  "MTX18": 7990,
  "MTX19": 22990,
  "MTY01": 8000,
  "MTY03": 8500,
  "MTY04": 12500,
  "MTY05": 12500,
  "MTY06": 8500,
  "MTY09": 13990,
  "MTY11": 8500,
  "MTY14": 5750,
  "MTY19": 4000,
  "MTY23": 4000,
  "MTY24": 9000,
  "MTY35": 10990,
  "PBSB": 1500,
  "PMBL": 2000,
  "PMNG": 1000,
  "PMSS": 1500,
  "PN00": 2000,
  "PN02": 2500,
  "PPMR": 2000,
  "PPSB": 1000,
  "PPSW": 1000,
  "PR01": 2000,
  "QTVB": 2500,
  "QTVW": 2500,
  "RFP2": 2000,
  "ST0Y": 250,
  "ST1Y": 1000,
  "STY7S": 1000,
  "TW01": 1000,
  "W39B": 1500,
  "W39S": 1000,
  "W41B": 1500,
  "WS10": 4500,
  "WS11": 4500,
  "WS12": 4500,
  "WT22": 5500,
  "WTAB": 4500,
  "WTD2": 1500,
  "WTDS": 1500,
  "WTHX": 2500,
  "WTSC": 2000,
  "WTSD": 2000,
  "WTSG": 4500,
  "WTSP": 4500,
  "WTSS": 4500,
  "WTTC": 4500,
  "WTUT": 5500,
  "WX20": 5500,
  "WX21": 5500,
  "WY19C": 500,
  "WY20P": 2000
}
